timestamp,modo,evento,precio,detalle
2026-07-17 07:07:00,DRY,ABRE BUY,3992.7,sl 3986.7 tp 4001.7 racha_div 2
2026-07-17 07:32:00,DRY,CIERRE TIME(25m),3988.9,BUY entry 3992.7 pnl -38
2026-07-17 08:05:00,DRY,ABRE SELL,3978.2,sl 3984.2 tp 3969.2 racha_div 2
2026-07-17 08:30:00,DRY,CIERRE TIME(25m),3971.9,SELL entry 3978.2 pnl +63
2026-07-17 08:47:00,DRY,ABRE BUY,3986.0,sl 3980.0 tp 3995.0 racha_div 2
2026-07-17 08:51:00,DRY,CIERRE TP,3995.7,BUY entry 3986.0 pnl +90
2026-07-17 09:02:00,DRY,ABRE SELL,3995.6,sl 4001.6 tp 3986.6 racha_div 2
2026-07-17 09:06:00,DRY,CIERRE SL,4001.8,SELL entry 3995.6 pnl -60
2026-07-17 09:57:00,DRY,ABRE BUY,4001.4,sl 3995.4 tp 4010.4 racha_div 2
2026-07-17 10:05:00,DRY,CIERRE TP,4017.1,BUY entry 4001.4 pnl +90
2026-07-17 10:15:00,DRY,ABRE BUY,4010.4,sl 4004.4 tp 4019.4 racha_div 2
2026-07-17 10:31:00,DRY,CIERRE TP,4019.9,BUY entry 4010.4 pnl +90
2026-07-17 11:42:00,DRY,ABRE BUY,4019.3,sl 4013.3 tp 4028.3 racha_div 2
2026-07-17 12:07:00,DRY,CIERRE TIME(25m),4023.2,BUY entry 4019.3 pnl +39
2026-07-17 12:43:00,DRY,ABRE BUY,4015.5,sl 4009.5 tp 4024.5 racha_div 2
2026-07-17 13:08:01,DRY,CIERRE TIME(25m),4017.3,BUY entry 4015.5 pnl +18
2026-07-17 14:01:01,DRY,ABRE SELL,4014.0,sl 4020.0 tp 4005.0 racha_div 2
2026-07-17 14:26:01,DRY,CIERRE TIME(25m),4008.4,SELL entry 4014.0 pnl +56
2026-07-17 15:14:00,DRY,ABRE BUY,4017.2,sl 4011.2 tp 4026.2 racha_div 2
2026-07-17 15:39:00,DRY,CIERRE TIME(25m),4015.5,BUY entry 4017.2 pnl -17
2026-07-17 15:58:01,DRY,ABRE BUY,4022.0,sl 4016.0 tp 4031.0 racha_div 2
2026-07-17 16:23:01,DRY,CIERRE TIME(25m),4023.1,BUY entry 4022.0 pnl +11
2026-07-20 07:55:02,DRY,ABRE BUY,4013.7,sl 4007.7 tp 4022.7 racha_div 2
2026-07-20 08:20:02,DRY,CIERRE TIME(25m),4014.3,BUY entry 4013.7 pnl +6
2026-07-20 09:28:02,DRY,ABRE SELL,4008.8,sl 4014.8 tp 3999.8 racha_div 2
2026-07-20 09:47:02,DRY,CIERRE SL,4017.0,SELL entry 4008.8 pnl -60
2026-07-20 11:09:02,LIVE,ABRE SELL,4021.4,sl 4027.4 tp 4012.4 racha_div 2
2026-07-20 11:34:02,LIVE,CIERRE TIME(25m),4014.7,SELL entry 4021.4 pnl +67
2026-07-20 11:59:02,LIVE,ABRE SELL,4013.3,sl 4019.3 tp 4004.3 racha_div 2
2026-07-20 12:24:03,LIVE,CIERRE TIME(25m),4014.6,SELL entry 4013.3 pnl -13
2026-07-20 13:14:02,LIVE,ABRE SELL,4013.4,sl 4019.4 tp 4004.4 racha_div 2
2026-07-20 13:39:02,LIVE,CIERRE TIME(25m),4010.7,SELL entry 4013.4 pnl +27
2026-07-20 13:44:02,LIVE,ABRE SELL,4011.2,sl 4017.2 tp 4002.2 racha_div 2
2026-07-20 14:09:02,LIVE,CIERRE TIME(25m),4010.6,SELL entry 4011.2 pnl +6
2026-07-20 14:15:02,LIVE,ABRE BUY,4009.1,sl 4003.1 tp 4018.1 racha_div 2
2026-07-20 14:30:03,LIVE,MISSED,4017.9,"limite sin fill 3min — posible orden huerfana, revisar Quantower"
2026-07-20 15:04:02,LIVE,ABRE SELL,4012.1,sl 4018.1 tp 4003.1 racha_div 2
2026-07-20 15:29:02,LIVE,CIERRE TIME(25m),4012.8,SELL entry 4012.1 pnl -7
2026-07-20 15:37:02,LIVE,ABRE SELL,4012.6,sl 4018.6 tp 4003.6 racha_div 2
2026-07-20 15:45:02,LIVE,MISSED,4012.6,"limite sin fill 3min — posible orden huerfana, revisar Quantower"
2026-07-20 15:46:02,LIVE,ABRE BUY,4012.7,sl 4006.7 tp 4021.7 racha_div 2
2026-07-20 15:49:02,LIVE,MISSED,4012.1,"limite sin fill 3min — posible orden huerfana, revisar Quantower"
2026-07-20 12:00:00,LIVE,CIERRE TP,4010.0,BUY entry 4000.0 pnl +90.00 (real)
2026-07-20 12:00:00,LIVE,CIERRE SL,4010.0,BUY entry 4000.0 pnl -60.00 (real)
t,LIVE,NO_FILL,4010.0,BUY market IOC no lleno (sin cambio de balance) — limpio
t,LIVE,CIERRE CERRADO?,4010.0,BUY entry 4000.0 pnl +100.00 (est-sin-balance)
2026-07-20 12:00:00,LIVE,CIERRE TP,4010.0,BUY entry 4000.0 pnl +27.00 (real)
2026-07-21 08:04:03,LIVE,ABRE SELL,4061.6,sl 4067.6 tp 4052.6 racha_div 2
2026-07-21 08:30:05,LIVE,CIERRE TIME(26m),4056.2,SELL entry 4061.6 pnl +60.40 (real)
2026-07-21 10:22:03,LIVE,ABRE SELL,4081.3,sl 4087.3 tp 4072.3 racha_div 2
2026-07-21 10:38:03,LIVE,CIERRE SL,4086.1,SELL entry 4081.3 pnl -62.60 (real)
2026-07-21 12:13:03,LIVE,ABRE BUY,4075.7,sl 4069.7 tp 4084.7 racha_div 2
2026-07-21 12:39:03,LIVE,CIERRE TIME(26m),4074.4,BUY entry 4075.7 pnl -17.60 (real)
2026-07-21 13:01:04,LIVE,ABRE SELL,4072.7,sl 4078.7 tp 4063.7 racha_div 2
2026-07-21 13:03:04,LIVE,CIERRE SL,4072.6,SELL entry 4072.7 pnl -0.80 (real)
2026-07-21 13:03:04,LIVE,ORDEN_RECHAZADA,4072.5,
2026-07-21 13:04:03,LIVE,ORDEN_RECHAZADA,4072.5,Connection is Connecting
2026-07-21 13:05:04,LIVE,POSICION_AJENA,4072.6,hay posicion en la cuenta — no abro
2026-07-21 13:06:03,LIVE,POSICION_AJENA,4072.6,hay posicion en la cuenta — no abro
2026-07-21 13:07:03,LIVE,POSICION_AJENA,4072.6,hay posicion en la cuenta — no abro
t,LIVE,POS_ILEGIBLE,4072.6,Bridge no responde
2026-07-21 14:54:03,LIVE,ABRE SELL,4087.6,sl 4093.6 tp 4078.6 racha_div 2
2026-07-21 15:22:03,LIVE,NO_FILL,4087.2,SELL market IOC no lleno (sin cambio de balance) — limpio
2026-07-22 08:30:05,LIVE,ABRE SELL,4137.9,sl 4143.9 tp 4128.9 racha_div 2
2026-07-22 08:32:03,LIVE,CIERRE SL,4145.7,SELL entry 4137.9 pnl -64.60 (real)
2026-07-22 08:32:03,LIVE,ABRE SELL,4146.6,sl 4152.6 tp 4137.6 racha_div 4
2026-07-22 08:47:03,LIVE,CIERRE SL,4151.0,SELL entry 4146.6 pnl -65.60 (real)
2026-07-22 09:43:03,LIVE,ABRE BUY,4156.9,sl 4150.9 tp 4165.9 racha_div 2
2026-07-22 09:50:04,LIVE,CIERRE SL,4153.1,BUY entry 4156.9 pnl -61.60 (real)
2026-07-22 11:21:03,LIVE,ABRE SELL,4159.4,sl 4165.4 tp 4150.4 racha_div 2
2026-07-22 11:37:03,LIVE,CIERRE TP,4150.9,SELL entry 4159.4 pnl +88.40 (real)
2026-07-23 02:32:02,LIVE,ABRE BUY,4106.3,sl 4100.3 tp 4115.3 racha_div 2
2026-07-23 02:43:02,LIVE,CIERRE SL,4097.1,BUY entry 4106.3 pnl -61.60 (real)
2026-07-23 02:45:02,LIVE,ABRE BUY,4098.4,sl 4092.4 tp 4107.4 racha_div 2
2026-07-23 03:11:02,LIVE,CIERRE TIME(26m),4098.0,BUY entry 4098.4 pnl +4.40 (real)
2026-07-23 03:43:02,LIVE,ABRE BUY,4093.4,sl 4087.4 tp 4102.4 racha_div 2
2026-07-23 04:09:02,LIVE,CIERRE TIME(26m),4100.4,BUY entry 4093.4 pnl +63.40 (real)
2026-07-23 04:17:02,LIVE,ABRE BUY,4097.8,sl 4091.8 tp 4106.8 racha_div 2
2026-07-23 04:31:02,LIVE,CIERRE SL,4092.4,BUY entry 4097.8 pnl -60.60 (real)
2026-07-23 04:33:02,LIVE,ABRE BUY,4092.5,sl 4086.5 tp 4101.5 racha_div 2
2026-07-23 04:59:02,LIVE,CIERRE TIME(26m),4092.0,BUY entry 4092.5 pnl -0.60 (real)
2026-07-23 05:21:02,LIVE,ABRE BUY,4091.9,sl 4085.9 tp 4100.9 racha_div 2
2026-07-23 05:47:02,LIVE,CIERRE TIME(26m),4090.8,BUY entry 4091.9 pnl -14.60 (real)
2026-07-23 05:48:02,LIVE,ABRE BUY,4092.9,sl 4086.9 tp 4101.9 racha_div 2
2026-07-23 06:14:02,LIVE,CIERRE TIME(26m),4090.8,BUY entry 4092.9 pnl -19.60 (real)
2026-07-23 09:00:02,LIVE,ABRE BUY,4045.7,sl 4039.7 tp 4054.7 racha_div 2
2026-07-23 09:25:02,LIVE,CIERRE TP,4055.0,BUY entry 4045.7 pnl +89.40 (real)
2026-07-23 09:32:02,LIVE,ABRE SELL,4059.0,sl 4065.0 tp 4050.0 racha_div 2
2026-07-23 09:58:02,LIVE,CIERRE TIME(26m),4062.2,SELL entry 4059.0 pnl -16.60 (real)
2026-07-24 02:51:03,LIVE,SKIP_CALMA,4050.2,BUY sin expansion (cumdelta_mom 21<150)
2026-07-24 02:55:03,LIVE,SKIP_CALMA,4050.4,SELL sin expansion (cumdelta_mom 19<150)
2026-07-24 02:56:03,LIVE,SKIP_CALMA,4051.1,SELL sin expansion (cumdelta_mom 12<150)
2026-07-24 03:03:03,LIVE,SKIP_CALMA,4049.4,BUY sin expansion (cumdelta_mom 6<150)
2026-07-24 03:04:03,LIVE,SKIP_CALMA,4049.4,BUY sin expansion (cumdelta_mom 26<150)
2026-07-24 04:27:03,LIVE,SKIP_CALMA,4058.1,SELL sin expansion (cumdelta_mom 70<150)
2026-07-24 04:28:03,LIVE,SKIP_CALMA,4057.6,SELL sin expansion (cumdelta_mom 66<150)
2026-07-24 04:36:03,LIVE,SKIP_CALMA,4056.4,SELL sin expansion (cumdelta_mom 87<150)
2026-07-24 04:37:03,LIVE,SKIP_CALMA,4056.8,SELL sin expansion (cumdelta_mom 48<150)
2026-07-24 04:59:03,LIVE,SKIP_CALMA,4062.1,SELL sin expansion (cumdelta_mom 3<150)
2026-07-24 05:00:04,LIVE,SKIP_CALMA,4062.6,SELL sin expansion (cumdelta_mom 61<150)
2026-07-24 05:01:03,LIVE,SKIP_CALMA,4062.0,SELL sin expansion (cumdelta_mom 12<150)
2026-07-24 05:12:03,LIVE,SKIP_CALMA,4061.8,SELL sin expansion (cumdelta_mom 12<150)
2026-07-24 05:15:03,LIVE,SKIP_CALMA,4061.1,BUY sin expansion (cumdelta_mom 10<150)
2026-07-24 05:16:03,LIVE,SKIP_CALMA,4061.9,BUY sin expansion (cumdelta_mom 21<150)
2026-07-24 05:17:03,LIVE,SKIP_CALMA,4062.3,BUY sin expansion (cumdelta_mom 23<150)
2026-07-24 05:36:03,LIVE,SKIP_CALMA,4063.9,BUY sin expansion (cumdelta_mom 115<150)
2026-07-24 06:02:03,LIVE,SKIP_CALMA,4062.9,SELL sin expansion (cumdelta_mom 22<150)
2026-07-24 06:03:03,LIVE,SKIP_CALMA,4061.9,SELL sin expansion (cumdelta_mom 0<150)
2026-07-24 06:25:03,LIVE,SKIP_CALMA,4063.8,SELL sin expansion (cumdelta_mom 4<150)
2026-07-24 07:10:03,LIVE,SKIP_CALMA,4058.9,SELL sin expansion (cumdelta_mom 16<150)
2026-07-24 10:37:03,LIVE,SKIP_CALMA,4078.7,BUY sin expansion (cumdelta_mom 4<150)
2026-07-27 02:21:02,LIVE,ABRE SELL,4105.8,sl 4111.8 tp 4096.8 racha_div 2 exp_mom 10
2026-07-27 02:47:02,LIVE,CIERRE TIME(26m),4100.4,SELL entry 4105.8 pnl +55.40 (real)
2026-07-27 02:59:02,LIVE,ABRE BUY,4092.6,sl 4086.6 tp 4101.6 racha_div 2 exp_mom 43
2026-07-27 03:25:02,LIVE,CIERRE TIME(26m),4092.9,BUY entry 4092.6 pnl +0.40 (real)
2026-07-27 03:32:02,LIVE,ABRE BUY,4091.9,sl 4085.9 tp 4100.9 racha_div 2 exp_mom 20
2026-07-27 03:58:02,LIVE,CIERRE TIME(26m),4098.5,BUY entry 4091.9 pnl +48.40 (real)
2026-07-27 03:58:02,LIVE,ABRE SELL,4098.4,sl 4104.4 tp 4089.4 racha_div 2 exp_mom 92
2026-07-27 04:24:02,LIVE,CIERRE TIME(26m),4094.5,SELL entry 4098.4 pnl +20.40 (real)
2026-07-27 04:58:02,LIVE,ABRE SELL,4100.4,sl 4106.4 tp 4091.4 racha_div 2 exp_mom 138
2026-07-27 05:12:02,LIVE,CIERRE TP,4090.7,SELL entry 4100.4 pnl +88.40 (real)
2026-07-27 05:43:02,LIVE,ABRE SELL,4103.4,sl 4109.4 tp 4094.4 racha_div 2 exp_mom 117
2026-07-27 06:09:02,LIVE,CIERRE TIME(26m),4105.1,SELL entry 4103.4 pnl +24.40 (real)
2026-07-27 06:21:02,LIVE,ABRE BUY,4103.2,sl 4097.2 tp 4112.2 racha_div 2 exp_mom 8
2026-07-27 06:44:02,LIVE,CIERRE SL,4098.4,BUY entry 4103.2 pnl -61.60 (real)
2026-07-27 07:52:02,LIVE,ABRE BUY,4086.6,sl 4080.6 tp 4095.6 racha_div 2 exp_mom 191
2026-07-27 08:18:02,LIVE,CIERRE TIME(26m),4083.6,BUY entry 4086.6 pnl -15.60 (real)
2026-07-27 08:19:02,LIVE,ABRE BUY,4085.8,sl 4079.8 tp 4094.8 racha_div 2 exp_mom 5
2026-07-27 08:29:02,LIVE,CIERRE SL,4079.2,BUY entry 4085.8 pnl -73.60 (real)
2026-07-28 02:26:02,LIVE,ABRE BUY,4051.8,sl 4045.8 tp 4060.8 racha_div 2 exp_mom 21
2026-07-28 02:52:02,LIVE,CIERRE TIME(26m),4048.4,BUY entry 4051.8 pnl -24.60 (real)
2026-07-28 03:18:02,LIVE,ABRE SELL,4047.3,sl 4053.3 tp 4038.3 racha_div 2 exp_mom 91
2026-07-28 03:44:02,LIVE,CIERRE TIME(26m),4044.8,SELL entry 4047.3 pnl +37.40 (real)
2026-07-28 04:00:02,LIVE,ABRE SELL,4045.6,sl 4051.6 tp 4036.6 racha_div 2 exp_mom 46
2026-07-28 04:26:02,LIVE,CIERRE TIME(26m),4041.9,SELL entry 4045.6 pnl +26.40 (real)
2026-07-28 04:31:02,LIVE,ABRE BUY,4038.3,sl 4032.3 tp 4047.3 racha_div 2 exp_mom 125
2026-07-28 04:36:02,LIVE,CIERRE SL,4033.1,BUY entry 4038.3 pnl -63.60 (real)
2026-07-28 05:58:02,LIVE,ABRE SELL,4027.7,sl 4033.7 tp 4018.7 racha_div 2 exp_mom 76
2026-07-28 06:24:02,LIVE,CIERRE TIME(26m),4029.7,SELL entry 4027.7 pnl -13.60 (real)
2026-07-28 06:44:02,LIVE,ABRE BUY,4027.1,sl 4021.1 tp 4036.1 racha_div 2 exp_mom 22
2026-07-28 07:10:02,LIVE,CIERRE TIME(26m),4025.7,BUY entry 4027.1 pnl -13.60 (real)
2026-07-28 07:12:02,LIVE,ABRE BUY,4023.9,sl 4017.9 tp 4032.9 racha_div 2 exp_mom 43
2026-07-28 07:24:02,LIVE,CIERRE TP,4033.0,BUY entry 4023.9 pnl +88.40 (real)
2026-07-28 07:42:02,LIVE,ABRE SELL,4031.8,sl 4037.8 tp 4022.8 racha_div 2 exp_mom 60
2026-07-28 07:49:02,LIVE,CIERRE SL,4035.7,SELL entry 4031.8 pnl -61.60 (real)
2026-07-28 09:16:02,LIVE,ABRE BUY,4025.2,sl 4019.2 tp 4034.2 racha_div 2 exp_mom 64
2026-07-28 09:21:02,LIVE,CIERRE SL,4018.9,BUY entry 4025.2 pnl -67.60 (real)
2026-07-28 09:24:02,LIVE,ABRE BUY,4018.0,sl 4012.0 tp 4027.0 racha_div 2 exp_mom 392
2026-07-28 09:50:02,LIVE,CIERRE TIME(26m),4027.4,BUY entry 4018.0 pnl +61.40 (real)
2026-07-28 10:02:02,LIVE,ABRE SELL,4026.8,sl 4032.8 tp 4017.8 racha_div 2 exp_mom 158
2026-07-28 10:11:03,LIVE,CIERRE SL,4028.8,SELL entry 4026.8 pnl -63.60 (real)
2026-07-28 10:20:03,LIVE,ABRE SELL,4035.9,sl 4041.9 tp 4026.9 racha_div 2 exp_mom 38
2026-07-28 10:44:02,LIVE,CIERRE SL,4040.9,SELL entry 4035.9 pnl -62.60 (real)
2026-07-29 02:04:02,LIVE,ABRE SELL,4040.9,sl 4046.9 tp 4031.9 racha_div 2 exp_mom 40
2026-07-29 02:23:02,LIVE,CIERRE SL,4046.0,SELL entry 4040.9 pnl -61.60 (real)
2026-07-29 02:29:02,LIVE,ABRE BUY,4043.8,sl 4037.8 tp 4052.8 racha_div 2 exp_mom 15
2026-07-29 02:55:02,LIVE,CIERRE TIME(26m),4042.4,BUY entry 4043.8 pnl -17.60 (real)
2026-07-29 03:24:02,LIVE,ABRE BUY,4038.6,sl 4032.6 tp 4047.6 racha_div 2 exp_mom 3
2026-07-29 03:50:02,LIVE,CIERRE TIME(26m),4036.3,BUY entry 4038.6 pnl -21.60 (real)
2026-07-29 04:32:02,LIVE,ABRE BUY,4032.2,sl 4026.2 tp 4041.2 racha_div 2 exp_mom 140
2026-07-29 04:58:02,LIVE,CIERRE TIME(26m),4032.2,BUY entry 4032.2 pnl +2.40 (real)
2026-07-29 05:14:02,LIVE,ABRE BUY,4031.1,sl 4025.1 tp 4040.1 racha_div 2 exp_mom 25
2026-07-29 05:40:02,LIVE,CIERRE TIME(26m),4028.8,BUY entry 4031.1 pnl -24.60 (real)
2026-07-29 05:40:02,LIVE,ABRE BUY,4028.9,sl 4022.9 tp 4037.9 racha_div 6 exp_mom 1
2026-07-29 06:06:02,LIVE,CIERRE TIME(26m),4026.5,BUY entry 4028.9 pnl -17.60 (real)
2026-07-29 06:37:02,LIVE,ABRE BUY,4030.4,sl 4024.4 tp 4039.4 racha_div 2 exp_mom 17
2026-07-29 07:03:02,LIVE,CIERRE TIME(26m),4029.6,BUY entry 4030.4 pnl -0.60 (real)
2026-07-29 07:08:02,LIVE,ABRE BUY,4030.5,sl 4024.5 tp 4039.5 racha_div 2 exp_mom 3
2026-07-29 07:17:02,LIVE,CIERRE SL,4021.2,BUY entry 4030.5 pnl -61.60 (real)
2026-07-29 07:22:02,LIVE,ABRE BUY,4015.7,sl 4009.7 tp 4024.7 racha_div 2 exp_mom 95
2026-07-29 07:31:02,LIVE,CIERRE SL,4012.9,BUY entry 4015.7 pnl -61.60 (real)
2026-07-29 07:31:02,LIVE,ABRE BUY,4013.2,sl 4007.2 tp 4022.2 racha_div 2 exp_mom 174
2026-07-29 07:57:02,LIVE,CIERRE TIME(26m),4021.6,BUY entry 4013.2 pnl +68.40 (real)
2026-07-29 08:02:02,LIVE,ABRE SELL,4023.1,sl 4029.1 tp 4014.1 racha_div 2 exp_mom 67
2026-07-29 08:10:02,LIVE,CIERRE TP,4014.6,SELL entry 4023.1 pnl +88.40 (real)
2026-07-29 08:20:02,LIVE,ABRE SELL,4015.5,sl 4021.5 tp 4006.5 racha_div 2 exp_mom 21
2026-07-29 08:24:02,LIVE,CIERRE SL,4020.3,SELL entry 4015.5 pnl -67.60 (real)
2026-07-29 08:24:02,LIVE,ABRE SELL,4020.0,sl 4026.0 tp 4011.0 racha_div 2 exp_mom 106
2026-07-29 08:31:02,LIVE,CIERRE TP,4012.0,SELL entry 4020.0 pnl +88.40 (real)
2026-07-29 08:53:02,LIVE,ABRE BUY,4005.8,sl 3999.8 tp 4014.8 racha_div 2 exp_mom 89
2026-07-29 09:01:02,LIVE,CIERRE SL,4001.6,BUY entry 4005.8 pnl -64.60 (real)
2026-07-29 09:09:02,LIVE,ABRE BUY,3998.0,sl 3992.0 tp 4007.0 racha_div 2 exp_mom 53
2026-07-29 09:19:02,LIVE,CIERRE TP,4005.7,BUY entry 3998.0 pnl +87.40 (real)
2026-07-29 09:28:02,LIVE,ABRE BUY,4002.2,sl 3996.2 tp 4011.2 racha_div 2 exp_mom 258
2026-07-29 09:47:02,LIVE,CIERRE SL,3998.4,BUY entry 4002.2 pnl -65.60 (real)
2026-07-29 10:21:02,LIVE,ABRE BUY,4003.4,sl 3997.4 tp 4012.4 racha_div 2 exp_mom 40
2026-07-29 10:47:02,LIVE,CIERRE TIME(26m),4009.1,BUY entry 4003.4 pnl +48.40 (real)
2026-07-29 10:47:02,LIVE,ABRE SELL,4008.8,sl 4014.8 tp 3999.8 racha_div 3 exp_mom 27
2026-07-29 11:13:02,LIVE,CIERRE TIME(26m),4008.4,SELL entry 4008.8 pnl -9.60 (real)
2026-07-30 02:06:02,LIVE,ABRE SELL,4042.1,sl 4048.1 tp 4033.1 racha_div 2 exp_mom 2
2026-07-30 02:32:02,LIVE,CIERRE TIME(26m),4040.7,SELL entry 4042.1 pnl -5.60 (real)
2026-07-30 02:54:02,LIVE,ABRE BUY,4043.4,sl 4037.4 tp 4052.4 racha_div 2 exp_mom 0
2026-07-30 02:56:02,LIVE,CIERRE SL,4037.6,BUY entry 4043.4 pnl -60.60 (real)
2026-07-30 03:01:02,LIVE,ABRE BUY,4036.2,sl 4030.2 tp 4045.2 racha_div 2 exp_mom 16
2026-07-30 03:06:02,LIVE,CIERRE TP,4046.1,BUY entry 4036.2 pnl +88.40 (real)
2026-07-30 03:07:02,LIVE,ABRE SELL,4048.5,sl 4054.5 tp 4039.5 racha_div 2 exp_mom 17
2026-07-30 03:20:02,LIVE,CIERRE SL,4054.7,SELL entry 4048.5 pnl -65.60 (real)
2026-07-30 03:50:02,LIVE,ABRE BUY,4061.8,sl 4055.8 tp 4070.8 racha_div 2 exp_mom 1
2026-07-30 04:16:02,LIVE,CIERRE TIME(26m),4062.7,BUY entry 4061.8 pnl +4.40 (real)
2026-07-30 04:23:02,LIVE,ABRE SELL,4067.4,sl 4073.4 tp 4058.4 racha_div 2 exp_mom 37
2026-07-30 04:49:02,LIVE,CIERRE TIME(26m),4064.7,SELL entry 4067.4 pnl +26.40 (real)
2026-07-30 05:12:02,LIVE,ABRE SELL,4066.7,sl 4072.7 tp 4057.7 racha_div 2 exp_mom 0
2026-07-30 05:17:02,LIVE,CIERRE SL,4072.3,SELL entry 4066.7 pnl -89.60 (real)
2026-07-30 05:26:02,LIVE,ABRE SELL,4074.1,sl 4080.1 tp 4065.1 racha_div 2 exp_mom 2
2026-07-30 05:46:02,LIVE,CIERRE SL,4079.9,SELL entry 4074.1 pnl -73.60 (real)
2026-07-30 05:46:02,LIVE,ABRE SELL,4079.8,sl 4085.8 tp 4070.8 racha_div 13 exp_mom 0
2026-07-30 06:12:02,LIVE,CIERRE TIME(26m),4079.9,SELL entry 4079.8 pnl -2.60 (real)
2026-07-30 06:12:02,LIVE,ABRE SELL,4079.6,sl 4085.6 tp 4070.6 racha_div 6 exp_mom 7
2026-07-30 06:38:02,LIVE,CIERRE TIME(26m),4076.0,SELL entry 4079.6 pnl +33.40 (real)
2026-07-30 06:41:02,LIVE,ABRE SELL,4075.8,sl 4081.8 tp 4066.8 racha_div 2 exp_mom 9
2026-07-30 07:07:02,LIVE,CIERRE TIME(26m),4079.8,SELL entry 4075.8 pnl -24.60 (real)
2026-07-30 07:15:02,LIVE,CAL_BLOCK,4076.0,señal BUY bloqueada: Advance GDP q/q 07:30
2026-07-30 08:10:02,LIVE,ABRE SELL,4071.2,sl 4077.2 tp 4062.2 racha_div 2 exp_mom 273
2026-07-30 08:22:02,LIVE,CIERRE SL,4077.1,SELL entry 4071.2 pnl -64.60 (real)
2026-07-30 08:24:02,LIVE,ABRE SELL,4078.6,sl 4084.6 tp 4069.6 racha_div 2 exp_mom 63
2026-07-30 08:38:02,LIVE,CIERRE SL,4091.1,SELL entry 4078.6 pnl -62.60 (real)
2026-07-30 08:39:02,LIVE,ABRE SELL,4094.0,sl 4100.0 tp 4085.0 racha_div 2 exp_mom 64
2026-07-30 08:40:02,LIVE,CIERRE TP,4086.9,SELL entry 4094.0 pnl +88.40 (real)
2026-07-30 08:55:02,LIVE,ABRE SELL,4100.7,sl 4106.7 tp 4091.7 racha_div 2 exp_mom 8
